TEST1.sh - test driver for CS157B project
Compile your code
In file included from db.cpp:5:
./db.h:151:3: warning: conversion from string literal to 'char *' is deprecated [-Wc++11-compat-deprecated-writable-strings]
  "int", "char", "varchar", "create", "table", "not", "null", "drop", "list", "schema",
  ^
./db.h:151:10: warning: conversion from string literal to 'char *' is deprecated [-Wc++11-compat-deprecated-writable-strings]
  "int", "char", "varchar", "create", "table", "not", "null", "drop", "list", "schema",
         ^
./db.h:151:18: warning: conversion from string literal to 'char *' is deprecated [-Wc++11-compat-deprecated-writable-strings]
  "int", "char", "varchar", "create", "table", "not", "null", "drop", "list", "schema",
                 ^
./db.h:151:29: warning: conversion from string literal to 'char *' is deprecated [-Wc++11-compat-deprecated-writable-strings]
  "int", "char", "varchar", "create", "table", "not", "null", "drop", "list", "schema",
                            ^
./db.h:151:39: warning: conversion from string literal to 'char *' is deprecated [-Wc++11-compat-deprecated-writable-strings]
  "int", "char", "varchar", "create", "table", "not", "null", "drop", "list", "schema",
                                      ^
./db.h:151:48: warning: conversion from string literal to 'char *' is deprecated [-Wc++11-compat-deprecated-writable-strings]
  "int", "char", "varchar", "create", "table", "not", "null", "drop", "list", "schema",
                                               ^
./db.h:151:55: warning: conversion from string literal to 'char *' is deprecated [-Wc++11-compat-deprecated-writable-strings]
  "int", "char", "varchar", "create", "table", "not", "null", "drop", "list", "schema",
                                                      ^
./db.h:151:63: warning: conversion from string literal to 'char *' is deprecated [-Wc++11-compat-deprecated-writable-strings]
  "int", "char", "varchar", "create", "table", "not", "null", "drop", "list", "schema",
                                                              ^
./db.h:151:71: warning: conversion from string literal to 'char *' is deprecated [-Wc++11-compat-deprecated-writable-strings]
  "int", "char", "varchar", "create", "table", "not", "null", "drop", "list", "schema",
                                                                      ^
./db.h:151:79: warning: conversion from string literal to 'char *' is deprecated [-Wc++11-compat-deprecated-writable-strings]
  "int", "char", "varchar", "create", "table", "not", "null", "drop", "list", "schema",
                                                                              ^
./db.h:152:3: warning: conversion from string literal to 'char *' is deprecated [-Wc++11-compat-deprecated-writable-strings]
  "for", "to", "insert", "into", "values", "delete", "from", "where",
  ^
./db.h:152:10: warning: conversion from string literal to 'char *' is deprecated [-Wc++11-compat-deprecated-writable-strings]
  "for", "to", "insert", "into", "values", "delete", "from", "where",
         ^
./db.h:152:16: warning: conversion from string literal to 'char *' is deprecated [-Wc++11-compat-deprecated-writable-strings]
  "for", "to", "insert", "into", "values", "delete", "from", "where",
               ^
./db.h:152:26: warning: conversion from string literal to 'char *' is deprecated [-Wc++11-compat-deprecated-writable-strings]
  "for", "to", "insert", "into", "values", "delete", "from", "where",
                         ^
./db.h:152:34: warning: conversion from string literal to 'char *' is deprecated [-Wc++11-compat-deprecated-writable-strings]
  "for", "to", "insert", "into", "values", "delete", "from", "where",
                                 ^
./db.h:152:44: warning: conversion from string literal to 'char *' is deprecated [-Wc++11-compat-deprecated-writable-strings]
  "for", "to", "insert", "into", "values", "delete", "from", "where",
                                           ^
./db.h:152:54: warning: conversion from string literal to 'char *' is deprecated [-Wc++11-compat-deprecated-writable-strings]
  "for", "to", "insert", "into", "values", "delete", "from", "where",
                                                     ^
./db.h:152:62: warning: conversion from string literal to 'char *' is deprecated [-Wc++11-compat-deprecated-writable-strings]
  "for", "to", "insert", "into", "values", "delete", "from", "where",
                                                             ^
./db.h:153:3: warning: conversion from string literal to 'char *' is deprecated [-Wc++11-compat-deprecated-writable-strings]
  "update", "set", "select", "order", "by", "desc", "is", "and", "or",
  ^
./db.h:153:13: warning: conversion from string literal to 'char *' is deprecated [-Wc++11-compat-deprecated-writable-strings]
  "update", "set", "select", "order", "by", "desc", "is", "and", "or",
            ^
./db.h:153:20: warning: conversion from string literal to 'char *' is deprecated [-Wc++11-compat-deprecated-writable-strings]
  "update", "set", "select", "order", "by", "desc", "is", "and", "or",
                   ^
./db.h:153:30: warning: conversion from string literal to 'char *' is deprecated [-Wc++11-compat-deprecated-writable-strings]
  "update", "set", "select", "order", "by", "desc", "is", "and", "or",
                             ^
./db.h:153:39: warning: conversion from string literal to 'char *' is deprecated [-Wc++11-compat-deprecated-writable-strings]
  "update", "set", "select", "order", "by", "desc", "is", "and", "or",
                                      ^
./db.h:153:45: warning: conversion from string literal to 'char *' is deprecated [-Wc++11-compat-deprecated-writable-strings]
  "update", "set", "select", "order", "by", "desc", "is", "and", "or",
                                            ^
./db.h:153:53: warning: conversion from string literal to 'char *' is deprecated [-Wc++11-compat-deprecated-writable-strings]
  "update", "set", "select", "order", "by", "desc", "is", "and", "or",
                                                    ^
./db.h:153:59: warning: conversion from string literal to 'char *' is deprecated [-Wc++11-compat-deprecated-writable-strings]
  "update", "set", "select", "order", "by", "desc", "is", "and", "or",
                                                          ^
./db.h:153:66: warning: conversion from string literal to 'char *' is deprecated [-Wc++11-compat-deprecated-writable-strings]
  "update", "set", "select", "order", "by", "desc", "is", "and", "or",
                                                                 ^
./db.h:154:3: warning: conversion from string literal to 'char *' is deprecated [-Wc++11-compat-deprecated-writable-strings]
  "sum", "avg", "count"
  ^
./db.h:154:10: warning: conversion from string literal to 'char *' is deprecated [-Wc++11-compat-deprecated-writable-strings]
  "sum", "avg", "count"
         ^
./db.h:154:17: warning: conversion from string literal to 'char *' is deprecated [-Wc++11-compat-deprecated-writable-strings]
  "sum", "avg", "count"
                ^
db.cpp:164:28: warning: conversion from string literal to 'char *' is deprecated [-Wc++11-compat-deprecated-writable-strings]
                                        add_to_list(tok_list, "", terminator, EOC);
                                                              ^
db.cpp:194:28: warning: conversion from string literal to 'char *' is deprecated [-Wc++11-compat-deprecated-writable-strings]
                                        add_to_list(tok_list, "", terminator, EOC);
                                                              ^
db.cpp:221:27: warning: conversion from string literal to 'char *' is deprecated [-Wc++11-compat-deprecated-writable-strings]
                                add_to_list(tok_list, "", terminator, EOC);
                                                      ^
db.cpp:251:28: warning: conversion from string literal to 'char *' is deprecated [-Wc++11-compat-deprecated-writable-strings]
                                        add_to_list(tok_list, "", terminator, EOC);
                                                              ^
db.cpp:260:27: warning: conversion from string literal to 'char *' is deprecated [-Wc++11-compat-deprecated-writable-strings]
                                add_to_list(tok_list, "", terminator, EOC);
                                                      ^
db.cpp:667:36: warning: format specifies type 'int' but the argument has type 'off_t' (aka 'long long') [-Wformat]
                printf("dbfile.bin size = %d\n", file_stat.st_size);
                                          ~~     ^~~~~~~~~~~~~~~~~
                                          %lld
36 warnings generated.
Clean up
==========================================================================================

CREATE TABLE statement
------------------------------------------------------------------------------------------

dbfile.bin size = 228
INSERT statement
class.tab size: 56. Number of records: 1
dbfile.bin size = 228
INSERT statement
class.tab size: 88. Number of records: 2
dbfile.bin size = 228
INSERT statement
class.tab size: 120. Number of records: 3
dbfile.bin size = 228
INSERT statement
class.tab size: 152. Number of records: 4
dbfile.bin size = 228
INSERT statement
class.tab size: 184. Number of records: 5
dbfile.bin size = 228
INSERT statement
class.tab size: 216. Number of records: 6
dbfile.bin size = 228
INSERT statement
class.tab size: 248. Number of records: 7
dbfile.bin size = 228
INSERT statement
class.tab size: 280. Number of records: 8
dbfile.bin size = 228
INSERT statement
class.tab size: 312. Number of records: 9
dbfile.bin size = 228
INSERT statement
class.tab size: 344. Number of records: 10
------------------------------------------------------------------------------------------

total 256
drwxr-xr-x@ 11 nhuluong  staff    352 Apr 13 12:59 .
drwxr-xr-x+ 72 nhuluong  staff   2304 Apr 13 10:02 ..
-rw-r--r--@  1 nhuluong  staff   6148 Apr 13 09:49 .DS_Store
drwxr-xr-x  13 nhuluong  staff    416 Apr 13 10:08 .git
-rw-r--r--   1 nhuluong  staff    344 Apr 13 12:59 class.tab
-rwxr-xr-x   1 nhuluong  staff  31808 Apr 13 12:59 db
-rw-r--r--@  1 nhuluong  staff  55317 Apr 13 12:59 db.cpp
-rw-r--r--@  1 nhuluong  staff   6862 Apr 13 11:55 db.h
-rw-r--r--   1 nhuluong  staff    228 Apr 13 12:59 dbfile.bin
-rw-r--r--   1 nhuluong  staff   9847 Apr 13 12:59 test.out
-rw-r--r--   1 nhuluong  staff   2836 Apr 13 09:51 test.sh
------------------------------------------------------------------------------------------

dbfile.bin size = 228
SELECT statement
+----------------+----------------+----------------+----------------+----------------+
|Student         |Gender          |Exams           |Quiz            |Total           |
+----------------+----------------+----------------+----------------+----------------+
|Siu             |M               |             480|              80|             560|
|Frank           |M               |             600|             100|             700|
|Jordon          |M               |             450|              75|             525|
|Jeff            |M               |             455|              60|             515|
|Ying            |F               |             540|              85|             625|
|David           |M               |             550|              83|             633|
|euna            |F               |             460|              75|             535|
|Victor          |M               |             475|              60|             535|
|Linawati        |F               |             490|              86|             576|
|Stephen         |M               |             520|              76|             596|
+----------------+----------------+----------------+----------------+----------------+
10 rows selected.
------------------------------------------------------------------------------------------
==========================================================================================
Error Testing Section
------------------------------------------------------------------------------------------
Setup the table
dbfile.bin size = 228
CREATE TABLE statement
dbfile.bin size = 372
INSERT statement
test.tab size: 48. Number of records: 1
dbfile.bin size = 372
INSERT statement
test.tab size: 72. Number of records: 2
dbfile.bin size = 372
SELECT statement
+----------------+----------------+----------------+
|col1            |col2            |col3            |
+----------------+----------------+----------------+
|one             |               1|              11|
|two             |               2|              22|
+----------------+----------------+----------------+
2 rows selected.
------------------------------------------------------------------------------------------


dbfile.bin size = 372
INSERT statement
Keyword VALUES is missing
Error in the string: (
rc=-199
dbfile.bin size = 372
INSERT statement
Missing ) or the number of columns and insert values don't match
Error in the string: )
rc=-384
------------------------------------------------------------------------------------------


dbfile.bin size = 372
INSERT statement
Type mismatch
Error in the string: string
rc=-382
------------------------------------------------------------------------------------------


dbfile.bin size = 372
INSERT statement
Not Null constraint exists for column name col3
Error in the string: NULL
rc=-380
------------------------------------------------------------------------------------------
End of test1.sh
