TEST1.sh - test driver for CS157B project
Compile your code
In file included from db.cpp:5:
./db.h:151:3: warning: conversion from string literal to 'char *' is deprecated [-Wc++11-compat-deprecated-writable-strings]
  "int", "char", "varchar", "create", "table", "not", "null", "drop", "list", "schema",
  ^
./db.h:151:10: warning: conversion from string literal to 'char *' is deprecated [-Wc++11-compat-deprecated-writable-strings]
  "int", "char", "varchar", "create", "table", "not", "null", "drop", "list", "schema",
         ^
./db.h:151:18: warning: conversion from string literal to 'char *' is deprecated [-Wc++11-compat-deprecated-writable-strings]
  "int", "char", "varchar", "create", "table", "not", "null", "drop", "list", "schema",
                 ^
./db.h:151:29: warning: conversion from string literal to 'char *' is deprecated [-Wc++11-compat-deprecated-writable-strings]
  "int", "char", "varchar", "create", "table", "not", "null", "drop", "list", "schema",
                            ^
./db.h:151:39: warning: conversion from string literal to 'char *' is deprecated [-Wc++11-compat-deprecated-writable-strings]
  "int", "char", "varchar", "create", "table", "not", "null", "drop", "list", "schema",
                                      ^
./db.h:151:48: warning: conversion from string literal to 'char *' is deprecated [-Wc++11-compat-deprecated-writable-strings]
  "int", "char", "varchar", "create", "table", "not", "null", "drop", "list", "schema",
                                               ^
./db.h:151:55: warning: conversion from string literal to 'char *' is deprecated [-Wc++11-compat-deprecated-writable-strings]
  "int", "char", "varchar", "create", "table", "not", "null", "drop", "list", "schema",
                                                      ^
./db.h:151:63: warning: conversion from string literal to 'char *' is deprecated [-Wc++11-compat-deprecated-writable-strings]
  "int", "char", "varchar", "create", "table", "not", "null", "drop", "list", "schema",
                                                              ^
./db.h:151:71: warning: conversion from string literal to 'char *' is deprecated [-Wc++11-compat-deprecated-writable-strings]
  "int", "char", "varchar", "create", "table", "not", "null", "drop", "list", "schema",
                                                                      ^
./db.h:151:79: warning: conversion from string literal to 'char *' is deprecated [-Wc++11-compat-deprecated-writable-strings]
  "int", "char", "varchar", "create", "table", "not", "null", "drop", "list", "schema",
                                                                              ^
./db.h:152:3: warning: conversion from string literal to 'char *' is deprecated [-Wc++11-compat-deprecated-writable-strings]
  "for", "to", "insert", "into", "values", "delete", "from", "where",
  ^
./db.h:152:10: warning: conversion from string literal to 'char *' is deprecated [-Wc++11-compat-deprecated-writable-strings]
  "for", "to", "insert", "into", "values", "delete", "from", "where",
         ^
./db.h:152:16: warning: conversion from string literal to 'char *' is deprecated [-Wc++11-compat-deprecated-writable-strings]
  "for", "to", "insert", "into", "values", "delete", "from", "where",
               ^
./db.h:152:26: warning: conversion from string literal to 'char *' is deprecated [-Wc++11-compat-deprecated-writable-strings]
  "for", "to", "insert", "into", "values", "delete", "from", "where",
                         ^
./db.h:152:34: warning: conversion from string literal to 'char *' is deprecated [-Wc++11-compat-deprecated-writable-strings]
  "for", "to", "insert", "into", "values", "delete", "from", "where",
                                 ^
./db.h:152:44: warning: conversion from string literal to 'char *' is deprecated [-Wc++11-compat-deprecated-writable-strings]
  "for", "to", "insert", "into", "values", "delete", "from", "where",
                                           ^
./db.h:152:54: warning: conversion from string literal to 'char *' is deprecated [-Wc++11-compat-deprecated-writable-strings]
  "for", "to", "insert", "into", "values", "delete", "from", "where",
                                                     ^
./db.h:152:62: warning: conversion from string literal to 'char *' is deprecated [-Wc++11-compat-deprecated-writable-strings]
  "for", "to", "insert", "into", "values", "delete", "from", "where",
                                                             ^
./db.h:153:3: warning: conversion from string literal to 'char *' is deprecated [-Wc++11-compat-deprecated-writable-strings]
  "update", "set", "select", "order", "by", "desc", "is", "and", "or",
  ^
./db.h:153:13: warning: conversion from string literal to 'char *' is deprecated [-Wc++11-compat-deprecated-writable-strings]
  "update", "set", "select", "order", "by", "desc", "is", "and", "or",
            ^
./db.h:153:20: warning: conversion from string literal to 'char *' is deprecated [-Wc++11-compat-deprecated-writable-strings]
  "update", "set", "select", "order", "by", "desc", "is", "and", "or",
                   ^
./db.h:153:30: warning: conversion from string literal to 'char *' is deprecated [-Wc++11-compat-deprecated-writable-strings]
  "update", "set", "select", "order", "by", "desc", "is", "and", "or",
                             ^
./db.h:153:39: warning: conversion from string literal to 'char *' is deprecated [-Wc++11-compat-deprecated-writable-strings]
  "update", "set", "select", "order", "by", "desc", "is", "and", "or",
                                      ^
./db.h:153:45: warning: conversion from string literal to 'char *' is deprecated [-Wc++11-compat-deprecated-writable-strings]
  "update", "set", "select", "order", "by", "desc", "is", "and", "or",
                                            ^
./db.h:153:53: warning: conversion from string literal to 'char *' is deprecated [-Wc++11-compat-deprecated-writable-strings]
  "update", "set", "select", "order", "by", "desc", "is", "and", "or",
                                                    ^
./db.h:153:59: warning: conversion from string literal to 'char *' is deprecated [-Wc++11-compat-deprecated-writable-strings]
  "update", "set", "select", "order", "by", "desc", "is", "and", "or",
                                                          ^
./db.h:153:66: warning: conversion from string literal to 'char *' is deprecated [-Wc++11-compat-deprecated-writable-strings]
  "update", "set", "select", "order", "by", "desc", "is", "and", "or",
                                                                 ^
./db.h:154:3: warning: conversion from string literal to 'char *' is deprecated [-Wc++11-compat-deprecated-writable-strings]
  "sum", "avg", "count"
  ^
./db.h:154:10: warning: conversion from string literal to 'char *' is deprecated [-Wc++11-compat-deprecated-writable-strings]
  "sum", "avg", "count"
         ^
./db.h:154:17: warning: conversion from string literal to 'char *' is deprecated [-Wc++11-compat-deprecated-writable-strings]
  "sum", "avg", "count"
                ^
db.cpp:164:28: warning: conversion from string literal to 'char *' is deprecated [-Wc++11-compat-deprecated-writable-strings]
                                        add_to_list(tok_list, "", terminator, EOC);
                                                              ^
db.cpp:194:28: warning: conversion from string literal to 'char *' is deprecated [-Wc++11-compat-deprecated-writable-strings]
                                        add_to_list(tok_list, "", terminator, EOC);
                                                              ^
db.cpp:221:27: warning: conversion from string literal to 'char *' is deprecated [-Wc++11-compat-deprecated-writable-strings]
                                add_to_list(tok_list, "", terminator, EOC);
                                                      ^
db.cpp:251:28: warning: conversion from string literal to 'char *' is deprecated [-Wc++11-compat-deprecated-writable-strings]
                                        add_to_list(tok_list, "", terminator, EOC);
                                                              ^
db.cpp:260:27: warning: conversion from string literal to 'char *' is deprecated [-Wc++11-compat-deprecated-writable-strings]
                                add_to_list(tok_list, "", terminator, EOC);
                                                      ^
db.cpp:667:36: warning: format specifies type 'int' but the argument has type 'off_t' (aka 'long long') [-Wformat]
                printf("dbfile.bin size = %d\n", file_stat.st_size);
                                          ~~     ^~~~~~~~~~~~~~~~~
                                          %lld
db.cpp:2124:34: warning: format specifies type 'int' but the argument has type 'off_t' (aka 'long long') [-Wformat]
        printf("File Size: %d\n",file_stat.st_size );
                           ~~    ^~~~~~~~~~~~~~~~~
                           %lld
37 warnings generated.
Clean up
==========================================================================================
01 Test setup - create table + insert data
CREATE TABLE statement
==========================================================================================
02 Insert 15 rows of data
dbfile.bin size = 228
INSERT statement
File Size: 24
class.tab size: 64. Number of records: 1
dbfile.bin size = 228
INSERT statement
File Size: 64
class.tab size: 104. Number of records: 2
dbfile.bin size = 228
INSERT statement
File Size: 104
class.tab size: 144. Number of records: 3
dbfile.bin size = 228
INSERT statement
File Size: 144
class.tab size: 184. Number of records: 4
dbfile.bin size = 228
INSERT statement
File Size: 184
class.tab size: 224. Number of records: 5
dbfile.bin size = 228
INSERT statement
File Size: 224
class.tab size: 264. Number of records: 6
dbfile.bin size = 228
INSERT statement
File Size: 264
class.tab size: 304. Number of records: 7
dbfile.bin size = 228
INSERT statement
File Size: 304
class.tab size: 344. Number of records: 8
dbfile.bin size = 228
INSERT statement
File Size: 344
class.tab size: 384. Number of records: 9
dbfile.bin size = 228
INSERT statement
File Size: 384
class.tab size: 424. Number of records: 10
------------------------------------------------------------------------------------------
01: Simple select class.tab db db.cpp db.h dbfile.bin test.out test.sh test2.sh
test2.sh: line 27: verify: command not found
test2.sh: line 27: verify: command not found
dbfile.bin size = 228
SELECT statement
File Size: 424
+--------------------+--------------------+--------------------+--------------------+--------------------+
|Student_Name        |Gender              |Exams               |Quiz_Total          |Total               |
+--------------------+--------------------+--------------------+--------------------+--------------------+
|Siu                 |M                   |                 480|                  80|                 560|
|Frank               |M                   |                 600|                 100|                 700|
|Jordon              |M                   |                 450|                  75|                 525|
|Jeff                |M                   |                 455|                  60|                 515|
|Ying                |F                   |                 540|                  85|                 625|
|David               |M                   |                 550|                  83|                 633|
|euna                |F                   |                 460|                  75|                 535|
|Victor              |M                   |                 475|                  60|                 535|
|Linawati            |F                   |                 490|                  86|                 576|
|Stephen             |M                   |                 520|                  76|                 596|
+--------------------+--------------------+--------------------+--------------------+--------------------+
10 rows selected.
==========================================================================================
02: Delete from class where Student_Name = Bad_Student
dbfile.bin size = 228
DELETE statement
File Size: 424
Delete 1 rows. 
dbfile.bin size = 228
SELECT statement
File Size: 384
+--------------------+--------------------+--------------------+--------------------+--------------------+
|Student_Name        |Gender              |Exams               |Quiz_Total          |Total               |
+--------------------+--------------------+--------------------+--------------------+--------------------+
|Siu                 |M                   |                 480|                  80|                 560|
|Frank               |M                   |                 600|                 100|                 700|
|Jordon              |M                   |                 450|                  75|                 525|
|Jeff                |M                   |                 455|                  60|                 515|
|Ying                |F                   |                 540|                  85|                 625|
|David               |M                   |                 550|                  83|                 633|
|euna                |F                   |                 460|                  75|                 535|
|Victor              |M                   |                 475|                  60|                 535|
|Linawati            |F                   |                 490|                  86|                 576|
+--------------------+--------------------+--------------------+--------------------+--------------------+
9 rows selected.
==========================================================================================
03: Delete from class where no row is found
dbfile.bin size = 228
Invalid statement
dbfile.bin size = 228
SELECT statement
File Size: 384
+--------------------+--------------------+--------------------+--------------------+--------------------+
|Student_Name        |Gender              |Exams               |Quiz_Total          |Total               |
+--------------------+--------------------+--------------------+--------------------+--------------------+
|Siu                 |M                   |                 480|                  80|                 560|
|Frank               |M                   |                 600|                 100|                 700|
|Jordon              |M                   |                 450|                  75|                 525|
|Jeff                |M                   |                 455|                  60|                 515|
|Ying                |F                   |                 540|                  85|                 625|
|David               |M                   |                 550|                  83|                 633|
|euna                |F                   |                 460|                  75|                 535|
|Victor              |M                   |                 475|                  60|                 535|
|Linawati            |F                   |                 490|                  86|                 576|
+--------------------+--------------------+--------------------+--------------------+--------------------+
9 rows selected.
==========================================================================================
04: Delete multi-row 3 rows
dbfile.bin size = 228
DELETE statement
File Size: 384
dbfile.bin size = 228
SELECT statement
File Size: 384
+--------------------+--------------------+--------------------+--------------------+--------------------+
|Student_Name        |Gender              |Exams               |Quiz_Total          |Total               |
+--------------------+--------------------+--------------------+--------------------+--------------------+
|Siu                 |M                   |                 480|                  80|                 560|
|Frank               |M                   |                 600|                 100|                 700|
|Jordon              |M                   |                 450|                  75|                 525|
|Jeff                |M                   |                 455|                  60|                 515|
|Ying                |F                   |                 540|                  85|                 625|
|David               |M                   |                 550|                  83|                 633|
|euna                |F                   |                 460|                  75|                 535|
|Victor              |M                   |                 475|                  60|                 535|
|Linawati            |F                   |                 490|                  86|                 576|
+--------------------+--------------------+--------------------+--------------------+--------------------+
9 rows selected.
==========================================================================================
05: Test single row update, e.g. update class set Quiz_Total=350 where Student_Name=’David’.
dbfile.bin size = 228
UPDATE statement
File Size: 384
Updated 0 rows.
dbfile.bin size = 228
SELECT statement
File Size: 384
+--------------------+--------------------+--------------------+--------------------+--------------------+
|Student_Name        |Gender              |Exams               |Quiz_Total          |Total               |
+--------------------+--------------------+--------------------+--------------------+--------------------+
|Siu                 |M                   |                 480|                  80|                 560|
|Frank               |M                   |                 600|                 100|                 700|
|Jordon              |M                   |                 450|                  75|                 525|
|Jeff                |M                   |                 455|                  60|                 515|
|Ying                |F                   |                 540|                  85|                 625|
|David               |M                   |                 550|                  83|                 633|
|euna                |F                   |                 460|                  75|                 535|
|Victor              |M                   |                 475|                  60|                 535|
|Linawati            |F                   |                 490|                  86|                 576|
+--------------------+--------------------+--------------------+--------------------+--------------------+
9 rows selected.
==========================================================================================
06: Test update when no rows is found
dbfile.bin size = 228
UPDATE statement
File Size: 384
Updated 0 rows.
dbfile.bin size = 228
SELECT statement
File Size: 384
+--------------------+--------------------+--------------------+--------------------+--------------------+
|Student_Name        |Gender              |Exams               |Quiz_Total          |Total               |
+--------------------+--------------------+--------------------+--------------------+--------------------+
|Siu                 |M                   |                 480|                  80|                 560|
|Frank               |M                   |                 600|                 100|                 700|
|Jordon              |M                   |                 450|                  75|                 525|
|Jeff                |M                   |                 455|                  60|                 515|
|Ying                |F                   |                 540|                  85|                 625|
|David               |M                   |                 550|                  83|                 633|
|euna                |F                   |                 460|                  75|                 535|
|Victor              |M                   |                 475|                  60|                 535|
|Linawati            |F                   |                 490|                  86|                 576|
+--------------------+--------------------+--------------------+--------------------+--------------------+
9 rows selected.
==========================================================================================
07: Multi-row update 4 rows
dbfile.bin size = 228
UPDATE statement
File Size: 384
Updated 0 rows.
dbfile.bin size = 228
SELECT statement
File Size: 384
+--------------------+--------------------+--------------------+--------------------+--------------------+
|Student_Name        |Gender              |Exams               |Quiz_Total          |Total               |
+--------------------+--------------------+--------------------+--------------------+--------------------+
|Siu                 |M                   |                 480|                  80|                 560|
|Frank               |M                   |                 600|                 100|                 700|
|Jordon              |M                   |                 450|                  75|                 525|
|Jeff                |M                   |                 455|                  60|                 515|
|Ying                |F                   |                 540|                  85|                 625|
|David               |M                   |                 550|                  83|                 633|
|euna                |F                   |                 460|                  75|                 535|
|Victor              |M                   |                 475|                  60|                 535|
|Linawati            |F                   |                 490|                  86|                 576|
+--------------------+--------------------+--------------------+--------------------+--------------------+
9 rows selected.
